Fabric,https://learn.microsoft.com/training/modules/introduction-end-analytics-use-microsoft-fabric/
Data Factory,https://learn.microsoft.com/training/modules/use-data-factory-pipelines-fabric/
Data Factory,https://learn.microsoft.com/training/modules/use-dataflow-gen-2-fabric/
Data Engineering,https://learn.microsoft.com/training/modules/work-delta-lake-tables-fabric/
Data Engineering,https://learn.microsoft.com/training/modules/use-apache-spark-work-files-lakehouse/
Data Engineering,https://learn.microsoft.com/training/modules/get-started-lakehouses/
Data Warehouse,https://learn.microsoft.com/training/modules/get-started-data-warehouse/
Data Warehouse,https://learn.microsoft.com/training/modules/query-data-warehouse-microsoft-fabric/
Data Warehouse,https://learn.microsoft.com/training/modules/monitor-fabric-data-warehouse/
Data Warehouse,https://learn.microsoft.com/training/modules/load-data-into-microsoft-fabric-data-warehouse/
Medallion Architecture,https://learn.microsoft.com/training/modules/describe-medallion-architecture/
Real-Time Intelligence,https://learn.microsoft.com/training/modules/query-data-kql-database-microsoft-fabric/
Real-Time Intelligence,https://learn.microsoft.com/training/modules/explore-event-streams-microsoft-fabric/
Real-Time Intelligence,https://learn.microsoft.com/training/modules/get-started-kusto-fabric/
Data Science,https://learn.microsoft.com/training/modules/train-track-model-fabric/
Data Science,https://learn.microsoft.com/training/modules/preprocess-data-with-data-wrangler-microsoft-fabric/
Data Science,https://learn.microsoft.com/training/modules/get-started-data-science-fabric/
Data Science,https://learn.microsoft.com/training/modules/generate-batch-predictions-fabric/
Databases in Fabric,https://learn.microsoft.com/training/modules/get-started-sql-database-microsoft-fabric/
Databases in Fabric,https://learn.microsoft.com/training/modules/get-started-with-graphql-microsoft-fabric/
Fabric Administration,https://learn.microsoft.com/training/modules/administer-fabric/
Fabric Administration,https://learn.microsoft.com/training/modules/secure-data-access-in-fabric/
Fabric Administration,https://learn.microsoft.com/training/modules/secure-data-warehouse-in-microsoft-fabric/
Fabric Administration,https://learn.microsoft.com/training/modules/monitor-fabric-items/
Fabric Administration,https://learn.microsoft.com/training/modules/fabric-data-governance-purview/
Semantic Models,https://learn.microsoft.com/training/modules/create-manage-power-bi-assets/
Semantic Models,https://learn.microsoft.com/training/modules/design-scalable-semantic-models/
Semantic Models,https://learn.microsoft.com/training/modules/enforce-power-bi-model-security/
CICD,https://learn.microsoft.com/training/modules/implement-cicd-in-fabric/
